Entity,Code,Continent,ghi_2000,ghi_2006,ghi_2012,ghi_2021,gdp_pc_2000_ppp2017_intl_dollars,gdp_pc_2006_ppp2017_intl_dollars,gdp_pc_2012_ppp2017_intl_dollars,gdp_pc_2020_ppp2017_intl_dollars,ghi_severity_2021,ghi_change_2000_2021,ghi_pct_change_2000_2021,ghi_annual_change_2000_2021,ghi_change_2000_2006,ghi_change_2006_2012,ghi_change_2012_2021,gdp_source_year,gdp_pc_latest_pre_2021_ppp2017_intl_dollars,population_2021,log10_gdp_pc_latest_pre_2021,has_gdp_match_for_2021_ghi,ghi_predicted_from_gdp,ghi_residual_vs_gdp,gdp_outlier_flag,rank_highest_ghi_2021,rank_largest_improvement_2000_2021,rank_higher_than_expected_hunger_vs_gdp,rank_lower_than_expected_hunger_vs_gdp,visualisation_use_flags
Afghanistan,AFG,Asia,50.9,42.7,34.3,28.3,,1315.7890625,2075.49169921875,1970.5601806640625,Serious,-22.6,-44.40078585,-1.076190476,-8.2,-8.4,-6.0,2020.0,1970.560181,40099460,3.294589703,yes,28.93176759,-0.6317675879,Close to GDP-based expectation,17,8.0,63,60.0,top_20_highest_ghi_2021;top_15_largest_improvement_2000_2021;gdp_scatter_ghi_2021_vs_gdp
Albania,ALB,Europe,20.7,15.9,8.8,6.2,5892.59033203125,8568.5615234375,11227.966796875,13191.9521484375,Low,-14.5,-70.04830918,-0.6904761905,-4.8,-7.1,-2.6,2020.0,13191.95215,2854710,4.120309067,yes,10.50798706,-4.307987065,Close to GDP-based expectation,102,25.0,92,31.0,gdp_scatter_ghi_2021_vs_gdp
Algeria,DZA,Africa,14.5,11.7,8.9,6.9,8710.4443359375,10527.4091796875,11233.5166015625,10735.3828125,Low,-7.6,-52.4137931,-0.3619047619,-2.8,-2.8,-2.0,2020.0,10735.38281,44177964,4.030817536,yes,12.50475789,-5.604757894,Lower hunger than GDP alone predicts,97,53.0,103,20.0,gdp_scatter_ghi_2021_vs_gdp;lower_hunger_than_expected_given_gdp
Angola,AGO,Africa,65.0,46.9,27.8,26.0,4727.96630859375,6681.10107421875,8036.6923828125,6110.2744140625,Serious,-39.0,-60.0,-1.857142857,-18.1,-19.1,-1.8,2020.0,6110.274414,34503776,3.786060715,yes,17.96586991,8.03413009,Higher hunger than GDP alone predicts,30,1.0,13,110.0,top_15_largest_improvement_2000_2021;gdp_scatter_ghi_2021_vs_gdp;higher_hunger_than_expected_given_gdp
Argentina,ARG,South America,6.4,5.6,5.2,5.3,18625.283203125,20777.65234375,24118.8671875,19690.662109375,Low,-1.1,-17.1875,-0.05238095238,-0.8,-0.4,0.1,2020.0,19690.66211,45276788,4.29426032,yes,6.626717187,-1.326717187,Close to GDP-based expectation,108,100.0,67,56.0,gdp_scatter_ghi_2021_vs_gdp
Armenia,ARM,Asia,19.3,13.3,10.4,7.2,4048.25,8464.4853515625,10397.654296875,12619.892578125,Low,-12.1,-62.69430052,-0.5761904762,-6.0,-2.9,-3.2,2020.0,12619.89258,2790971,4.101055658,yes,10.93757683,-3.737576826,Close to GDP-based expectation,96,31.0,89,34.0,gdp_scatter_ghi_2021_vs_gdp
Azerbaijan,AZE,Asia,25.0,15.9,10.6,7.5,3998.5205078125,9453.94140625,14027.46875,13726.76953125,Low,-17.5,-70.0,-0.8333333333,-9.1,-5.3,-3.1,2020.0,13726.76953,10312992,4.137568342,yes,10.12289123,-2.622891228,Close to GDP-based expectation,94,15.0,77,46.0,top_15_largest_improvement_2000_2021;gdp_scatter_ghi_2021_vs_gdp
Bangladesh,BGD,Asia,34.0,28.9,28.6,19.1,1937.729248046875,2399.082275390625,3195.781005859375,4871.4462890625,Moderate,-14.9,-43.82352941,-0.7095238095,-5.1,-0.3,-9.5,2020.0,4871.446289,169356240,3.687657919,yes,20.16147244,-1.061472438,Close to GDP-based expectation,50,23.0,65,58.0,gdp_scatter_ghi_2021_vs_gdp
Belarus,BLR,Europe,2.5,2.5,2.5,2.5,8053.173828125,13214.87109375,18611.455078125,19186.775390625,Low,0.0,0.0,0.0,0.0,0.0,0.0,2020.0,19186.77539,9578172,4.283001992,yes,6.877917507,-4.377917507,Close to GDP-based expectation,111,103.0,95,28.0,gdp_scatter_ghi_2021_vs_gdp
Benin,BEN,Africa,34.0,27.7,24.0,22.2,2478.21826171875,2606.8173828125,2759.84814453125,3323.14453125,Serious,-11.8,-34.70588235,-0.5619047619,-6.3,-3.7,-1.8,2020.0,3323.144531,12996901,3.52154923,yes,23.86775589,-1.66775589,Close to GDP-based expectation,44,33.0,71,52.0,gdp_scatter_ghi_2021_vs_gdp
Bolivia,BOL,South America,27.7,23.3,15.6,12.7,5415.52587890625,5920.7099609375,7081.38623046875,7845.1708984375,Moderate,-15.0,-54.15162455,-0.7142857143,-4.4,-7.7,-2.9,2020.0,7845.170898,12079474,3.894602409,yes,15.54404425,-2.844044253,Close to GDP-based expectation,71,22.0,79,44.0,gdp_scatter_ghi_2021_vs_gdp
Bosnia and Herzegovina,BIH,Europe,9.3,6.7,2.5,2.5,7604.513671875,9856.97265625,11257.83984375,14509.265625,Low,-6.8,-73.11827957,-0.3238095238,-2.6,-4.2,0.0,2020.0,14509.26563,3270948,4.161645432,yes,9.585673583,-7.085673583,Lower hunger than GDP alone predicts,111,57.0,112,11.0,gdp_scatter_ghi_2021_vs_gdp;lower_hunger_than_expected_given_gdp
Botswana,BWA,Africa,26.7,26.2,24.3,23.2,10629.947265625,12318.3623046875,14166.5439453125,14654.6513671875,Serious,-3.5,-13.10861423,-0.1666666667,-0.5,-1.9,-1.1,2020.0,14654.65137,2588424,4.165975491,yes,9.489059564,13.71094044,Higher hunger than GDP alone predicts,39,86.0,3,120.0,gdp_scatter_ghi_2021_vs_gdp;higher_hunger_than_expected_given_gdp
Brazil,BRA,South America,11.5,7.4,5.5,2.5,11600.9482421875,12922.1552734375,15478.79296875,14063.982421875,Low,-9.0,-78.26086957,-0.4285714286,-4.1,-1.9,-3.0,2020.0,14063.98242,214326224,4.148108315,yes,9.88771914,-7.38771914,Lower hunger than GDP alone predicts,111,46.0,114,9.0,gdp_scatter_ghi_2021_vs_gdp;lower_hunger_than_expected_given_gdp
Bulgaria,BGR,Europe,8.6,8.1,7.8,6.1,10503.6201171875,15904.90234375,18911.583984375,22379.09375,Low,-2.5,-29.06976744,-0.119047619,-0.5,-0.3,-1.7,2020.0,22379.09375,6885864,4.349842496,yes,5.386545462,0.7134545379,Close to GDP-based expectation,104,91.0,54,69.0,gdp_scatter_ghi_2021_vs_gdp
Burkina Faso,BFA,Africa,44.9,35.8,29.7,24.5,1296.7479248046875,1574.7301025390625,1834.5433349609375,2155.769287109375,Serious,-20.4,-45.43429844,-0.9714285714,-9.1,-6.1,-5.2,2020.0,2155.769287,22100690,3.33360228,yes,28.06130336,-3.561303362,Close to GDP-based expectation,36,11.0,86,37.0,top_15_largest_improvement_2000_2021;gdp_scatter_ghi_2021_vs_gdp
Burundi,BDI,Africa,,,,42.5,828.00048828125,815.0536499023438,862.7156982421875,731.063232421875,Alarming,,,,,,,2020.0,731.0632324,12551215,2.863954942,yes,38.5402625,3.959737504,Close to GDP-based expectation,4,,28,95.0,top_20_highest_ghi_2021;gdp_scatter_ghi_2021_vs_gdp
Cambodia,KHM,Asia,41.1,27.1,24.2,17.0,1481.6568603515625,2313.343017578125,3022.5966796875,4191.56640625,Moderate,-24.1,-58.63746959,-1.147619048,-14.0,-2.9,-7.2,2020.0,4191.566406,16589031,3.622376351,yes,21.61806087,-4.618060867,Close to GDP-based expectation,57,5.0,97,26.0,top_15_largest_improvement_2000_2021;gdp_scatter_ghi_2021_vs_gdp
Cameroon,CMR,Africa,35.7,30.9,23.1,18.6,2858.00830078125,3176.917236328125,3300.945556640625,3666.41064453125,Moderate,-17.1,-47.89915966,-0.8142857143,-4.8,-7.8,-4.5,2020.0,3666.410645,27198632,3.564241105,yes,22.91519771,-4.315197711,Close to GDP-based expectation,53,16.0,93,30.0,gdp_scatter_ghi_2021_vs_gdp
Cape Verde,CPV,Africa,15.4,11.9,12.3,10.8,4065.4794921875,5291.04736328125,6353.70751953125,6045.06103515625,Moderate,-4.6,-29.87012987,-0.219047619,-3.5,0.4,-1.5,2020.0,6045.061035,587936,3.78140069,yes,18.06984625,-7.269846246,Lower hunger than GDP alone predicts,76,78.0,113,10.0,gdp_scatter_ghi_2021_vs_gdp;lower_hunger_than_expected_given_gdp
Central African Republic,CAF,Africa,48.9,48.0,40.5,43.0,1040.1038818359375,1055.0872802734375,1300.288818359375,936.28759765625,Alarming,-5.9,-12.06543967,-0.280952381,-0.9,-7.5,2.5,2020.0,936.2875977,5457165,2.971409271,yes,36.14269857,6.857301429,Higher hunger than GDP alone predicts,3,64.0,16,107.0,top_20_highest_ghi_2021;gdp_scatter_ghi_2021_vs_gdp;higher_hunger_than_expected_given_gdp
Chad,TCD,Africa,50.8,51.2,45.7,39.6,897.3470458984375,1572.482177734375,1765.1949462890625,1519.0367431640625,Alarming,-11.2,-22.04724409,-0.5333333333,0.4,-5.5,-6.1,2020.0,1519.036743,17179744,3.181568279,yes,31.45354677,8.146453227,Higher hunger than GDP alone predicts,8,38.0,11,112.0,top_20_highest_ghi_2021;gdp_scatter_ghi_2021_vs_gdp;higher_hunger_than_expected_given_gdp
Chile,CHL,South America,2.5,2.5,2.5,2.5,15638.0009765625,19603.697265625,23300.44140625,23324.525390625,Low,0.0,0.0,0.0,0.0,0.0,0.0,2020.0,23324.52539,19493184,4.367812815,yes,4.985584503,-2.485584503,Close to GDP-based expectation,111,103.0,76,47.0,gdp_scatter_ghi_2021_vs_gdp
China,CHN,Asia,13.3,9.0,2.5,2.5,3451.67919921875,5979.78173828125,10370.7265625,16315.8154296875,Low,-10.8,-81.20300752,-0.5142857143,-4.3,-6.5,0.0,2020.0,16315.81543,1425893504,4.212608784,yes,8.448558897,-5.948558897,Lower hunger than GDP alone predicts,111,40.0,105,18.0,gdp_scatter_ghi_2021_vs_gdp;lower_hunger_than_expected_given_gdp
Colombia,COL,South America,10.9,11.4,9.3,8.9,9042.6630859375,10586.794921875,12852.6259765625,13448.9326171875,Low,-2.0,-18.34862385,-0.09523809524,0.5,-2.1,-0.4,2020.0,13448.93262,51516560,4.128687818,yes,10.32103704,-1.421037038,Close to GDP-based expectation,81,95.0,69,54.0,gdp_scatter_ghi_2021_vs_gdp
Comoros,COM,Africa,,,,42.5,2833.591064453125,2821.9384765625,2946.2021484375,2989.17041015625,Alarming,,,,,,,2020.0,2989.17041,821632,3.475550675,yes,24.89409405,17.60590595,Higher hunger than GDP alone predicts,4,,1,122.0,top_20_highest_ghi_2021;gdp_scatter_ghi_2021_vs_gdp;higher_hunger_than_expected_given_gdp
Congo,COG,Africa,34.9,34.6,28.5,30.3,4399.8427734375,4841.59521484375,5504.18505859375,3433.958984375,Serious,-4.6,-13.18051576,-0.219047619,-0.3,-6.1,1.8,2020.0,3433.958984,5835814,3.535795104,yes,23.54989627,6.750103732,Higher hunger than GDP alone predicts,16,79.0,17,106.0,top_20_highest_ghi_2021;gdp_scatter_ghi_2021_vs_gdp;higher_hunger_than_expected_given_gdp
Costa Rica,CRI,North America,7.0,5.5,2.5,5.3,12624.0703125,14976.8154296875,17994.537109375,19903.140625,Low,-1.7,-24.28571429,-0.08095238095,-1.5,-3.0,2.8,2020.0,19903.14063,5153959,4.298921612,yes,6.522712583,-1.222712583,Close to GDP-based expectation,108,97.0,66,57.0,gdp_scatter_ghi_2021_vs_gdp
Cote d'Ivoire,CIV,Africa,33.3,37.1,30.0,22.3,4137.9619140625,3527.240234375,3666.637451171875,5181.31103515625,Serious,-11.0,-33.03303303,-0.5238095238,3.8,-7.1,-7.7,2020.0,5181.311035,27478250,3.714439664,yes,19.56390743,2.73609257,Close to GDP-based expectation,43,39.0,38,85.0,gdp_scatter_ghi_2021_vs_gdp
Croatia,HRV,Europe,2.5,2.5,2.5,2.5,18362.10546875,24940.021484375,24078.330078125,27076.978515625,Low,0.0,0.0,0.0,0.0,0.0,0.0,2020.0,27076.97852,4060139,4.4326002,yes,3.540022474,-1.040022474,Close to GDP-based expectation,111,103.0,64,59.0,gdp_scatter_ghi_2021_vs_gdp
Cuba,CUB,North America,2.5,2.5,2.5,2.5,,,,,Low,0.0,0.0,0.0,0.0,0.0,0.0,,,11256373,,no,,,No GDP comparison available,111,103.0,,,
Democratic Republic of Congo,COD,Africa,50.6,45.3,42.3,39.0,751.5577392578125,794.429443359375,926.787841796875,1082.4451904296875,Alarming,-11.6,-22.92490119,-0.5523809524,-5.3,-3.0,-3.3,2020.0,1082.44519,95894120,3.034405915,yes,34.73709226,4.262907741,Close to GDP-based expectation,9,34.0,26,97.0,top_20_highest_ghi_2021;gdp_scatter_ghi_2021_vs_gdp
Djibouti,DJI,Africa,44.3,36.9,35.4,27.4,,,,5481.11474609375,Serious,-16.9,-38.1489842,-0.8047619048,-7.4,-1.5,-8.0,2020.0,5481.114746,1105562,3.738868894,yes,19.01883268,8.381167318,Higher hunger than GDP alone predicts,27,18.0,9,114.0,gdp_scatter_ghi_2021_vs_gdp;higher_hunger_than_expected_given_gdp
Dominican Republic,DOM,North America,15.1,13.2,10.2,8.0,9322.1396484375,11087.482421875,13219.6943359375,17003.013671875,Low,-7.1,-47.01986755,-0.3380952381,-1.9,-3.0,-2.2,2020.0,17003.01367,11117873,4.230525904,yes,8.048784948,-0.04878494757,Close to GDP-based expectation,91,56.0,59,64.0,gdp_scatter_ghi_2021_vs_gdp
Ecuador,ECU,South America,19.7,18.9,12.8,14.0,8176.34423828125,9757.375,11431.3759765625,10329.19921875,Moderate,-5.7,-28.93401015,-0.2714285714,-0.8,-6.1,1.2,2020.0,10329.19922,17797736,4.014066654,yes,12.87851026,1.121489736,Close to GDP-based expectation,65,69.0,49,74.0,gdp_scatter_ghi_2021_vs_gdp
Egypt,EGY,Africa,16.3,14.4,15.2,12.5,7744.71533203125,8814.146484375,10301.107421875,11951.447265625,Moderate,-3.8,-23.31288344,-0.180952381,-1.9,0.8,-2.7,2020.0,11951.44727,109262184,4.0774205,yes,11.46493393,1.035066068,Close to GDP-based expectation,72,85.0,50,73.0,gdp_scatter_ghi_2021_vs_gdp
El Salvador,SLV,North America,14.7,12.0,10.4,8.9,6577.15380859375,7168.00341796875,7754.9853515625,7982.6259765625,Low,-5.8,-39.45578231,-0.2761904762,-2.7,-1.6,-1.5,2020.0,7982.625977,6314165,3.902145781,yes,15.37573351,-6.475733514,Lower hunger than GDP alone predicts,81,68.0,109,14.0,gdp_scatter_ghi_2021_vs_gdp;lower_hunger_than_expected_given_gdp
Estonia,EST,Europe,2.5,2.5,2.5,2.5,17765.20703125,28814.919921875,28997.322265625,35257.16015625,Low,0.0,0.0,0.0,0.0,0.0,0.0,2020.0,35257.16016,1328704,4.547247328,yes,0.981969925,1.518030075,Close to GDP-based expectation,111,103.0,46,77.0,gdp_scatter_ghi_2021_vs_gdp
Eswatini,SWZ,Africa,24.5,23.2,21.8,17.0,5579.13671875,6906.564453125,7930.869140625,8404.7275390625,Moderate,-7.5,-30.6122449,-0.3571428571,-1.3,-1.4,-4.8,2020.0,8404.727539,1192273,3.924523639,yes,14.8764298,2.123570204,Close to GDP-based expectation,57,54.0,41,82.0,gdp_scatter_ghi_2021_vs_gdp
Ethiopia,ETH,Africa,53.5,43.4,33.5,24.1,727.7666625976562,929.6944580078124,1437.3765869140625,2296.827392578125,Serious,-29.4,-54.95327103,-1.4,-10.1,-9.9,-9.4,2020.0,2296.827393,120283024,3.361128359,yes,27.44713049,-3.347130491,Close to GDP-based expectation,37,2.0,84,39.0,top_15_largest_improvement_2000_2021;gdp_scatter_ghi_2021_vs_gdp
Fiji,FJI,Oceania,9.6,9.0,8.1,8.6,9575.8603515625,10771.4365234375,10919.4755859375,11450.7509765625,Low,-1.0,-10.41666667,-0.04761904762,-0.6,-0.9,0.5,2020.0,11450.75098,924615,4.05883397,yes,11.87964401,-3.279644009,Close to GDP-based expectation,86,102.0,83,40.0,gdp_scatter_ghi_2021_vs_gdp
Gabon,GAB,Africa,21.0,20.2,18.6,16.6,16567.24609375,14894.693359375,15082.65625,14320.8447265625,Moderate,-4.4,-20.95238095,-0.2095238095,-0.8,-1.6,-2.0,2020.0,14320.84473,2341185,4.155968636,yes,9.712336516,6.887663484,Higher hunger than GDP alone predicts,60,80.0,15,108.0,gdp_scatter_ghi_2021_vs_gdp;higher_hunger_than_expected_given_gdp
Gambia,GMB,Africa,29.0,27.5,22.1,17.6,2270.486572265625,2137.818603515625,2135.744140625,2156.754638671875,Moderate,-11.4,-39.31034483,-0.5428571429,-1.5,-5.4,-4.5,2020.0,2156.754639,2639922,3.333800741,yes,28.05687523,-10.45687523,Lower hunger than GDP alone predicts,55,35.0,121,2.0,gdp_scatter_ghi_2021_vs_gdp;lower_hunger_than_expected_given_gdp
Georgia,GEO,Asia,12.3,8.8,2.5,6.3,4919.23193359375,8049.90625,11295.75390625,13966.326171875,Low,-6.0,-48.7804878,-0.2857142857,-3.5,-6.3,3.8,2020.0,13966.32617,3757984,4.14508218,yes,9.955239463,-3.655239463,Close to GDP-based expectation,101,63.0,88,35.0,gdp_scatter_ghi_2021_vs_gdp
Ghana,GHA,Africa,28.4,22.0,17.9,14.9,2807.361572265625,3290.06298828125,4548.57958984375,5445.7255859375,Moderate,-13.5,-47.53521127,-0.6428571429,-6.4,-4.1,-3.0,2020.0,5445.725586,32833036,3.736055753,yes,19.08160061,-4.181600606,Close to GDP-based expectation,64,28.0,91,32.0,gdp_scatter_ghi_2021_vs_gdp
Guatemala,GTM,North America,28.4,24.6,22.0,19.6,6499.88330078125,6972.3818359375,7590.75537109375,8393.2841796875,Moderate,-8.8,-30.98591549,-0.419047619,-3.8,-2.6,-2.4,2020.0,8393.28418,17608484,3.923931928,yes,14.8896323,4.710367699,Close to GDP-based expectation,48,48.0,24,99.0,gdp_scatter_ghi_2021_vs_gdp
Guinea,GIN,Africa,,,,27.5,1704.9564208984375,1777.134765625,2002.3216552734375,2670.8232421875,Serious,,,,,,,2020.0,2670.823242,13531909,3.426645147,yes,25.98529373,1.514706269,Close to GDP-based expectation,20,,47,76.0,top_20_highest_ghi_2021;gdp_scatter_ghi_2021_vs_gdp
Guinea-Bissau,GNB,Africa,,,,27.5,1722.7574462890625,1675.7701416015625,1760.884033203125,1847.4658203125,Serious,,,,,,,2020.0,1847.46582,2060730,3.266576412,yes,29.55681132,-2.05681132,Close to GDP-based expectation,20,,73,50.0,top_20_highest_ghi_2021;gdp_scatter_ghi_2021_vs_gdp
Guyana,GUY,South America,17.1,15.6,12.1,10.7,7776.29833984375,8371.951171875,10780.9365234375,18679.955078125,Moderate,-6.4,-37.42690058,-0.3047619048,-1.5,-3.5,-1.4,2020.0,18679.95508,804571,4.271375827,yes,7.137325126,3.562674874,Close to GDP-based expectation,77,61.0,34,89.0,gdp_scatter_ghi_2021_vs_gdp
Haiti,HTI,North America,42.0,43.6,35.2,32.8,2943.72119140625,2876.07421875,2973.968994140625,2934.245849609375,Serious,-9.2,-21.9047619,-0.4380952381,1.6,-8.4,-2.4,2020.0,2934.24585,11447575,3.467496499,yes,25.07380203,7.726197965,Higher hunger than GDP alone predicts,12,45.0,14,109.0,top_20_highest_ghi_2021;gdp_scatter_ghi_2021_vs_gdp;higher_hunger_than_expected_given_gdp
Honduras,HND,North America,21.8,19.6,13.8,12.8,4108.77490234375,4733.5478515625,5065.45703125,5138.38525390625,Moderate,-9.0,-41.28440367,-0.4285714286,-2.2,-5.8,-1.0,2020.0,5138.385254,10278346,3.710826663,yes,19.64452216,-6.844522157,Lower hunger than GDP alone predicts,69,46.0,110,13.0,gdp_scatter_ghi_2021_vs_gdp;lower_hunger_than_expected_given_gdp
India,IND,Asia,38.8,37.4,28.8,27.5,2578.591552734375,3453.105712890625,4583.17333984375,6165.74658203125,Serious,-11.3,-29.12371134,-0.5380952381,-1.4,-8.6,-1.3,2020.0,6165.746582,1407563904,3.789985671,yes,17.87829472,9.621705275,Higher hunger than GDP alone predicts,20,36.0,5,118.0,top_20_highest_ghi_2021;gdp_scatter_ghi_2021_vs_gdp;higher_hunger_than_expected_given_gdp
Indonesia,IDN,Asia,26.1,29.5,23.0,18.0,5689.26025390625,6974.44580078125,9080.06640625,11444.9609375,Moderate,-8.1,-31.03448276,-0.3857142857,3.4,-6.5,-5.0,2020.0,11444.96094,273753184,4.058614315,yes,11.88454505,6.115454955,Higher hunger than GDP alone predicts,54,51.0,18,105.0,gdp_scatter_ghi_2021_vs_gdp;higher_hunger_than_expected_given_gdp
Iran,IRN,Asia,13.5,8.9,8.1,7.7,10066.802734375,12456.6103515625,12807.39453125,12644.4453125,Low,-5.8,-42.96296296,-0.2761904762,-4.6,-0.8,-0.4,2020.0,12644.44531,87923432,4.101899782,yes,10.91874239,-3.218742388,Close to GDP-based expectation,93,67.0,81,42.0,gdp_scatter_ghi_2021_vs_gdp
Iraq,IRQ,Asia,23.9,23.9,27.5,22.8,9202.4873046875,7680.13623046875,9824.80859375,9012.3818359375,Serious,-1.1,-4.60251046,-0.05238095238,0.0,3.6,-4.7,2020.0,9012.381836,43533592,3.954839584,yes,14.20000833,8.599991672,Higher hunger than GDP alone predicts,41,101.0,8,115.0,gdp_scatter_ghi_2021_vs_gdp;higher_hunger_than_expected_given_gdp
Jamaica,JAM,North America,8.6,9.0,9.1,8.6,9344.5341796875,10152.177734375,9433.845703125,8761.01953125,Low,0.0,0.0,0.0,0.4,0.1,-0.5,2020.0,8761.019531,2827701,3.942554649,yes,14.47411471,-5.87411471,Lower hunger than GDP alone predicts,86,103.0,104,19.0,gdp_scatter_ghi_2021_vs_gdp;lower_hunger_than_expected_given_gdp
Jordan,JOR,Asia,10.8,8.1,8.5,8.3,8741.7275390625,11002.22265625,10688.2890625,9816.5546875,Low,-2.5,-23.14814815,-0.119047619,-2.7,0.4,-0.2,2020.0,9816.554688,11148288,3.99195909,yes,13.37178306,-5.071783055,Lower hunger than GDP alone predicts,90,91.0,100,23.0,gdp_scatter_ghi_2021_vs_gdp;lower_hunger_than_expected_given_gdp
Kazakhstan,KAZ,Asia,11.2,12.3,8.1,6.4,10275.76171875,18112.779296875,22702.578125,25363.166015625,Low,-4.8,-42.85714286,-0.2285714286,1.1,-4.2,-1.7,2020.0,25363.16602,19196468,4.404203464,yes,4.173621797,2.226378203,Close to GDP-based expectation,100,76.0,40,83.0,gdp_scatter_ghi_2021_vs_gdp
Kenya,KEN,Africa,36.7,31.2,25.4,23.0,3188.999755859375,3446.551025390625,3845.686767578125,4339.85693359375,Serious,-13.7,-37.32970027,-0.6523809524,-5.5,-5.8,-2.4,2020.0,4339.856934,53005616,3.637475413,yes,21.28116456,1.718835438,Close to GDP-based expectation,40,27.0,44,79.0,gdp_scatter_ghi_2021_vs_gdp
Kuwait,KWT,Asia,2.5,2.5,2.5,2.5,54984.953125,75224.796875,61416.9765625,44847.0546875,Low,0.0,0.0,0.0,0.0,0.0,0.0,2020.0,44847.05469,4250111,4.651733926,yes,-1.34937681,3.84937681,Close to GDP-based expectation,111,103.0,31,92.0,gdp_scatter_ghi_2021_vs_gdp
Kyrgyzstan,KGZ,Asia,18.3,13.9,11.7,8.6,3078.9091796875,3588.08984375,4259.318359375,4714.93896484375,Low,-9.7,-53.00546448,-0.4619047619,-4.4,-2.2,-3.1,2020.0,4714.938965,6527742,3.673476075,yes,20.4779034,-11.8779034,Lower hunger than GDP alone predicts,86,43.0,122,1.0,gdp_scatter_ghi_2021_vs_gdp;lower_hunger_than_expected_given_gdp
Laos,LAO,Asia,44.1,31.9,25.7,19.5,2861.271728515625,3830.3955078125,5489.0400390625,7810.73486328125,Moderate,-24.6,-55.78231293,-1.171428571,-12.2,-6.2,-6.2,2020.0,7810.734863,7425055,3.892691896,yes,15.58667238,3.913327622,Close to GDP-based expectation,49,4.0,29,94.0,top_15_largest_improvement_2000_2021;gdp_scatter_ghi_2021_vs_gdp
Latvia,LVA,Europe,5.5,2.5,2.5,2.5,12992.2041015625,22977.478515625,23970.435546875,30100.26953125,Low,-3.0,-54.54545455,-0.1428571429,-3.0,0.0,0.0,2020.0,30100.26953,1873926,4.478570384,yes,2.51431735,-0.01431735043,Close to GDP-based expectation,111,88.0,58,65.0,gdp_scatter_ghi_2021_vs_gdp
Lebanon,LBN,Asia,11.6,13.2,12.3,9.7,14361.861328125,14299.2802734375,18039.251953125,11488.4150390625,Low,-1.9,-16.37931034,-0.09047619048,1.6,-0.9,-2.6,2020.0,11488.41504,5592626,4.060260117,yes,11.84782325,-2.147823251,Close to GDP-based expectation,79,96.0,74,49.0,gdp_scatter_ghi_2021_vs_gdp
Lesotho,LSO,Africa,32.5,29.6,24.6,27.4,1685.3670654296875,2059.335205078125,2585.36572265625,2316.98779296875,Serious,-5.1,-15.69230769,-0.2428571429,-2.9,-5.0,2.8,2020.0,2316.987793,2281464,3.364923746,yes,27.36244631,0.03755369409,Close to GDP-based expectation,27,72.0,57,66.0,gdp_scatter_ghi_2021_vs_gdp
Liberia,LBR,Africa,48.1,40.0,35.0,33.3,1753.47509765625,1306.4390869140625,1611.345458984375,1392.0048828125,Serious,-14.8,-30.76923077,-0.7047619048,-8.1,-5.0,-1.7,2020.0,1392.004883,5193422,3.143640759,yes,32.29980076,1.000199235,Close to GDP-based expectation,11,24.0,51,72.0,top_20_highest_ghi_2021;gdp_scatter_ghi_2021_vs_gdp
Lithuania,LTU,Europe,2.5,2.5,2.5,2.5,13846.68359375,22977.99609375,27330.896484375,37107.05859375,Low,0.0,0.0,0.0,0.0,0.0,0.0,2020.0,37107.05859,2786652,4.56945653,yes,0.4864293419,2.013570658,Close to GDP-based expectation,111,103.0,42,81.0,gdp_scatter_ghi_2021_vs_gdp
Madagascar,MDG,Africa,42.8,41.6,34.3,36.3,1614.382568359375,1596.75341796875,1538.5167236328125,1463.864990234375,Alarming,-6.5,-15.18691589,-0.3095238095,-1.2,-7.3,2.0,2020.0,1463.86499,28915652,3.165501024,yes,31.81204578,4.48795422,Close to GDP-based expectation,10,60.0,25,98.0,top_20_highest_ghi_2021;gdp_scatter_ghi_2021_vs_gdp
Malawi,MWI,Africa,43.1,33.5,26.2,21.3,1127.19580078125,1127.8717041015625,1386.7900390625,1508.8428955078125,Serious,-21.8,-50.5800464,-1.038095238,-9.6,-7.3,-4.9,2020.0,1508.842896,19889742,3.178644022,yes,31.51879396,-10.21879396,Lower hunger than GDP alone predicts,46,10.0,119,4.0,top_15_largest_improvement_2000_2021;gdp_scatter_ghi_2021_vs_gdp;lower_hunger_than_expected_given_gdp
Malaysia,MYS,Asia,15.4,13.7,12.4,12.8,15917.0576171875,18752.544921875,22132.216796875,26471.673828125,Moderate,-2.6,-16.88311688,-0.1238095238,-1.7,-1.3,0.4,2020.0,26471.67383,33573872,4.422781403,yes,3.759103405,9.040896595,Higher hunger than GDP alone predicts,69,90.0,7,116.0,gdp_scatter_ghi_2021_vs_gdp;higher_hunger_than_expected_given_gdp
Mali,MLI,Africa,41.7,36.8,24.8,24.7,1627.7322998046875,1983.70556640625,2007.806884765625,2225.894287109375,Serious,-17.0,-40.76738609,-0.8095238095,-4.9,-12.0,-0.1,2020.0,2225.894287,21904990,3.347504535,yes,27.7511107,-3.051110702,Close to GDP-based expectation,33,17.0,80,43.0,gdp_scatter_ghi_2021_vs_gdp
Mauritania,MRT,Africa,31.9,28.9,23.6,22.6,4273.63525390625,5226.50634765625,4792.8388671875,5109.80517578125,Serious,-9.3,-29.15360502,-0.4428571429,-3.0,-5.3,-1.0,2020.0,5109.805176,4614981,3.708404342,yes,19.69856995,2.901430053,Close to GDP-based expectation,42,44.0,36,87.0,gdp_scatter_ghi_2021_vs_gdp
Mauritius,MUS,Africa,15.2,14.0,13.0,12.2,11890.5888671875,14165.9541015625,18014.990234375,19462.931640625,Moderate,-3.0,-19.73684211,-0.1428571429,-1.2,-1.0,-0.8,2020.0,19462.93164,1298922,4.289208257,yes,6.739440825,5.460559175,Higher hunger than GDP alone predicts,74,88.0,21,102.0,gdp_scatter_ghi_2021_vs_gdp;higher_hunger_than_expected_given_gdp
Mexico,MEX,North America,10.2,8.6,7.8,8.5,17756.56640625,18319.478515625,18594.89453125,17852.359375,Low,-1.7,-16.66666667,-0.08095238095,-1.6,-0.8,0.7,2020.0,17852.35938,126705136,4.251695621,yes,7.576437766,0.9235622345,Close to GDP-based expectation,89,98.0,52,71.0,gdp_scatter_ghi_2021_vs_gdp
Moldova,MDA,Europe,,,,5.0,5074.376953125,7599.52490234375,9000.6591796875,12324.388671875,Low,,,,,,,2020.0,12324.38867,3061509,4.090765386,yes,11.16717749,-6.167177489,Lower hunger than GDP alone predicts,110,,107,16.0,gdp_scatter_ghi_2021_vs_gdp;lower_hunger_than_expected_given_gdp
Mongolia,MNG,Asia,30.2,23.4,12.8,6.1,4523.50634765625,6298.23583984375,9476.92578125,11723.873046875,Low,-24.1,-79.8013245,-1.147619048,-6.8,-10.6,-6.7,2020.0,11723.87305,3347782,4.069071107,yes,11.65122892,-5.551228916,Lower hunger than GDP alone predicts,104,5.0,102,21.0,top_15_largest_improvement_2000_2021;gdp_scatter_ghi_2021_vs_gdp;lower_hunger_than_expected_given_gdp
Montenegro,MNE,Europe,,6.5,2.5,2.5,12418.9873046875,15233.3681640625,16802.3828125,18258.94921875,Low,,,,,-4.0,0.0,2020.0,18258.94922,627856,4.261475781,yes,7.358218926,-4.858218926,Close to GDP-based expectation,111,,98,25.0,gdp_scatter_ghi_2021_vs_gdp
Morocco,MAR,Africa,15.5,17.5,9.6,8.8,4370.5625,5557.74755859375,6625.10400390625,6986.28369140625,Low,-6.7,-43.22580645,-0.319047619,2.0,-7.9,-0.8,2020.0,6986.283691,37076588,3.844246217,yes,16.66761173,-7.86761173,Lower hunger than GDP alone predicts,85,59.0,116,7.0,gdp_scatter_ghi_2021_vs_gdp;lower_hunger_than_expected_given_gdp
Mozambique,MOZ,Africa,48.0,38.2,31.5,31.3,630.7015991210938,875.9166259765625,1120.1285400390625,1229.9403076171875,Serious,-16.7,-34.79166667,-0.7952380952,-9.8,-6.7,-0.2,2020.0,1229.940308,32077074,3.089884034,yes,33.49924228,-2.199242284,Close to GDP-based expectation,14,19.0,75,48.0,top_20_highest_ghi_2021;gdp_scatter_ghi_2021_vs_gdp
Myanmar,MMR,Asia,39.8,31.6,22.9,17.5,948.7820434570312,1867.1524658203125,3113.005126953125,4857.3896484375,Moderate,-22.3,-56.03015075,-1.061904762,-8.2,-8.7,-5.4,2020.0,4857.389648,53798088,3.686402943,yes,20.18947395,-2.689473954,Close to GDP-based expectation,56,9.0,78,45.0,top_15_largest_improvement_2000_2021;gdp_scatter_ghi_2021_vs_gdp
Namibia,NAM,Africa,25.3,25.8,26.6,20.2,6804.86669921875,8438.216796875,9626.5390625,8814.591796875,Serious,-5.1,-20.15810277,-0.2428571429,0.5,0.8,-6.4,2020.0,8814.591797,2530150,3.945202205,yes,14.41504137,5.784958628,Higher hunger than GDP alone predicts,47,72.0,20,103.0,gdp_scatter_ghi_2021_vs_gdp;higher_hunger_than_expected_given_gdp
Nepal,NPL,Asia,37.4,30.9,23.1,19.1,2077.652099609375,2330.3251953125,2922.61962890625,3800.065673828125,Moderate,-18.3,-48.93048128,-0.8714285714,-6.5,-7.8,-4.0,2020.0,3800.065674,30034988,3.579791102,yes,22.56823996,-3.468239959,Close to GDP-based expectation,50,13.0,85,38.0,top_15_largest_improvement_2000_2021;gdp_scatter_ghi_2021_vs_gdp
Nicaragua,NIC,North America,22.3,17.4,14.9,14.0,3968.82861328125,4438.861328125,5083.2890625,5280.099609375,Moderate,-8.3,-37.21973094,-0.3952380952,-4.9,-2.5,-0.9,2020.0,5280.099609,6850546,3.722642116,yes,19.38089105,-5.380891048,Lower hunger than GDP alone predicts,65,49.0,101,22.0,gdp_scatter_ghi_2021_vs_gdp;lower_hunger_than_expected_given_gdp
Niger,NER,Africa,,,,27.5,932.6770629882812,980.45458984375,1084.764404296875,1221.2698974609375,Serious,,,,,,,2020.0,1221.269897,25252722,3.086811652,yes,33.5677945,-6.067794498,Lower hunger than GDP alone predicts,20,,106,17.0,top_20_highest_ghi_2021;gdp_scatter_ghi_2021_vs_gdp;lower_hunger_than_expected_given_gdp
Nigeria,NGA,Africa,39.5,32.5,30.4,28.3,2977.04150390625,4130.4033203125,5131.37255859375,4916.72119140625,Serious,-11.2,-28.35443038,-0.5333333333,-7.0,-2.1,-2.1,2020.0,4916.721191,213401328,3.691675582,yes,20.07182873,8.228171271,Higher hunger than GDP alone predicts,17,37.0,10,113.0,top_20_highest_ghi_2021;gdp_scatter_ghi_2021_vs_gdp;higher_hunger_than_expected_given_gdp
North Korea,PRK,Asia,39.5,33.1,29.1,25.2,,,,,Serious,-14.3,-36.20253165,-0.680952381,-6.4,-4.0,-3.9,,,25971910,,no,,,No GDP comparison available,31,26.0,,,
North Macedonia,MKD,Europe,7.5,7.7,2.5,2.5,10224.6904296875,11770.197265625,13727.7724609375,15931.3623046875,Low,-5.0,-66.66666667,-0.2380952381,0.2,-5.2,0.0,2020.0,15931.3623,2103329,4.202252914,yes,8.679623196,-6.179623196,Lower hunger than GDP alone predicts,111,74.0,108,15.0,gdp_scatter_ghi_2021_vs_gdp;lower_hunger_than_expected_given_gdp
Oman,OMN,Asia,14.7,13.8,11.6,12.3,38649.87890625,37369.12890625,37670.65234375,29502.060546875,Moderate,-2.4,-16.32653061,-0.1142857143,-0.9,-2.2,0.7,2020.0,29502.06055,4520474,4.46985235,yes,2.708837621,9.591162379,Higher hunger than GDP alone predicts,73,93.0,6,117.0,gdp_scatter_ghi_2021_vs_gdp;higher_hunger_than_expected_given_gdp
Pakistan,PAK,Asia,36.7,33.1,32.1,24.7,3245.37841796875,3836.49267578125,3980.74853515625,4562.62255859375,Serious,-12.0,-32.69754768,-0.5714285714,-3.6,-1.0,-7.4,2020.0,4562.622559,231402112,3.659214543,yes,20.79611239,3.903887607,Close to GDP-based expectation,33,32.0,30,93.0,gdp_scatter_ghi_2021_vs_gdp
Panama,PAN,North America,18.7,15.0,10.1,8.9,14507.794921875,17391.087890625,25196.314453125,25389.8125,Low,-9.8,-52.40641711,-0.4666666667,-3.7,-4.9,-1.2,2020.0,25389.8125,4351264,4.404659494,yes,4.16344669,4.73655331,Close to GDP-based expectation,81,42.0,23,100.0,gdp_scatter_ghi_2021_vs_gdp
Papua New Guinea,PNG,Oceania,33.6,30.3,33.7,27.8,2871.416259765625,2963.418212890625,3453.38720703125,4063.732177734375,Serious,-5.8,-17.26190476,-0.2761904762,-3.3,3.4,-5.9,2020.0,4063.732178,9949438,3.608925078,yes,21.91819105,5.881808949,Higher hunger than GDP alone predicts,19,66.0,19,104.0,top_20_highest_ghi_2021;gdp_scatter_ghi_2021_vs_gdp;higher_hunger_than_expected_given_gdp
Paraguay,PRY,South America,11.7,11.6,9.5,7.5,8530.2080078125,8846.7021484375,10493.8125,12389.5869140625,Low,-4.2,-35.8974359,-0.2,-0.1,-2.1,-2.0,2020.0,12389.58691,6703802,4.093056827,yes,11.11604995,-3.616049952,Close to GDP-based expectation,94,83.0,87,36.0,gdp_scatter_ghi_2021_vs_gdp
Peru,PER,South America,20.6,16.4,9.2,8.0,6422.48046875,8017.2548828125,11176.0869140625,11260.845703125,Low,-12.6,-61.16504854,-0.6,-4.2,-7.2,-1.2,2020.0,11260.8457,33715464,4.051571008,yes,12.04169813,-4.041698125,Close to GDP-based expectation,91,30.0,90,33.0,gdp_scatter_ghi_2021_vs_gdp
Philippines,PHL,Asia,25.0,20.4,20.5,16.8,4453.7568359375,5228.31591796875,6351.26513671875,7953.58154296875,Moderate,-8.2,-32.8,-0.3904761905,-4.6,0.1,-3.7,2020.0,7953.581543,113880336,3.900562738,yes,15.411055,1.388944997,Close to GDP-based expectation,59,50.0,48,75.0,gdp_scatter_ghi_2021_vs_gdp
Romania,ROU,Europe,7.9,5.9,5.0,2.5,12109.5439453125,18224.771484375,21311.119140625,28870.9296875,Low,-5.4,-68.35443038,-0.2571428571,-2.0,-0.9,-2.5,2020.0,28870.92969,19328558,4.460460769,yes,2.918386329,-0.4183863288,Close to GDP-based expectation,111,70.0,60,63.0,gdp_scatter_ghi_2021_vs_gdp
Russia,RUS,Europe,10.1,7.1,6.4,6.2,14569.9365234375,21757.46484375,25933.29296875,26456.388671875,Low,-3.9,-38.61386139,-0.1857142857,-3.0,-0.7,-0.2,2020.0,26456.38867,145102752,4.422530562,yes,3.764700266,2.435299734,Close to GDP-based expectation,102,84.0,39,84.0,gdp_scatter_ghi_2021_vs_gdp
Rwanda,RWA,Africa,49.3,38.3,31.0,26.4,867.6151733398438,1226.2391357421875,1682.20654296875,2098.71044921875,Serious,-22.9,-46.45030426,-1.09047619,-11.0,-7.3,-4.6,2020.0,2098.710449,13461891,3.321952525,yes,28.32123736,-1.921237363,Close to GDP-based expectation,29,7.0,72,51.0,top_15_largest_improvement_2000_2021;gdp_scatter_ghi_2021_vs_gdp
Saudi Arabia,SAU,Asia,11.0,12.1,8.2,6.8,41955.20703125,44276.89453125,48024.4609375,44328.18359375,Low,-4.2,-38.18181818,-0.2,1.1,-3.9,-1.4,2020.0,44328.18359,35950396,4.646679936,yes,-1.236610158,8.036610158,Higher hunger than GDP alone predicts,98,82.0,12,111.0,gdp_scatter_ghi_2021_vs_gdp;higher_hunger_than_expected_given_gdp
Senegal,SEN,Africa,34.0,24.1,19.2,16.3,2595.109375,2750.195556640625,2788.67138671875,3320.675537109375,Moderate,-17.7,-52.05882353,-0.8428571429,-9.9,-4.9,-2.9,2020.0,3320.675537,16876726,3.521226443,yes,23.87495805,-7.574958051,Lower hunger than GDP alone predicts,61,14.0,115,8.0,top_15_largest_improvement_2000_2021;gdp_scatter_ghi_2021_vs_gdp;lower_hunger_than_expected_given_gdp
Serbia,SRB,Europe,,6.1,5.3,2.5,8900.59765625,12955.958984375,14894.2021484375,18255.0546875,Low,,,,,-0.8,-2.8,2020.0,18255.05469,7296771,4.261383138,yes,7.360286002,-4.860286002,Close to GDP-based expectation,111,,99,24.0,gdp_scatter_ghi_2021_vs_gdp
Sierra Leone,SLE,Africa,57.7,52.7,34.7,31.3,1057.7396240234375,1250.0484619140625,1645.7650146484375,1637.296630859375,Serious,-26.4,-45.75389948,-1.257142857,-5.0,-18.0,-3.4,2020.0,1637.296631,8420642,3.214127368,yes,30.72707536,0.572924641,Close to GDP-based expectation,14,3.0,55,68.0,top_20_highest_ghi_2021;top_15_largest_improvement_2000_2021;gdp_scatter_ghi_2021_vs_gdp
Slovakia,SVK,Europe,6.0,5.3,2.5,2.5,15666.5419921875,21784.330078125,26478.6015625,30509.76953125,Low,-3.5,-58.33333333,-0.1666666667,-0.7,-2.8,0.0,2020.0,30509.76953,5447621,4.484438927,yes,2.383376083,0.1166239166,Close to GDP-based expectation,111,86.0,56,67.0,gdp_scatter_ghi_2021_vs_gdp
Solomon Islands,SLB,Oceania,20.0,18.2,20.2,18.8,2253.61083984375,2174.5263671875,2530.759033203125,2482.871826171875,Moderate,-1.2,-6.0,-0.05714285714,-1.8,2.0,-1.4,2020.0,2482.871826,707855,3.3949543,yes,26.69239256,-7.892392565,Lower hunger than GDP alone predicts,52,99.0,117,6.0,gdp_scatter_ghi_2021_vs_gdp;lower_hunger_than_expected_given_gdp
Somalia,SOM,Africa,58.1,57.9,65.1,50.8,,,,1180.9659423828125,Extremely alarming,-7.3,-12.56454389,-0.3476190476,-0.2,7.2,-14.3,2020.0,1180.965942,17065588,3.072237373,yes,33.89298164,16.90701836,Higher hunger than GDP alone predicts,1,55.0,2,121.0,top_20_highest_ghi_2021;gdp_scatter_ghi_2021_vs_gdp;higher_hunger_than_expected_given_gdp
South Africa,ZAF,Africa,18.1,17.6,12.7,12.9,11033.8564453125,13040.9794921875,13946.9482421875,12665.83203125,Moderate,-5.2,-28.72928177,-0.2476190476,-0.5,-4.9,0.2,2020.0,12665.83203,59392256,4.102633724,yes,10.90236638,1.997633617,Close to GDP-based expectation,68,71.0,43,80.0,gdp_scatter_ghi_2021_vs_gdp
South Sudan,SSD,Africa,,,,42.5,,,,,Alarming,,,,,,,,,10748278,,no,,,No GDP comparison available,4,,,,top_20_highest_ghi_2021
Sri Lanka,LKA,Asia,21.9,20.0,20.6,16.0,5949.97021484375,7419.4140625,10712.3974609375,12536.94140625,Moderate,-5.9,-26.94063927,-0.280952381,-1.9,0.6,-4.6,2020.0,12536.94141,21773438,4.098191596,yes,11.00148092,4.998519077,Close to GDP-based expectation,62,64.0,22,101.0,gdp_scatter_ghi_2021_vs_gdp
Sudan,SDN,Africa___,,,29.8,25.1,3912.51708984375,4699.75048828125,4576.4736328125,3927.0439453125,,,,,-4.7,3927.043945,2020.0,45657204.0,3.594065761,yes,22.24973806,2.850261938,Close to GDP-based expectation,32.0,,37,86.0,gdp_scatter_ghi_2021_vs_gdp,,
Suriname,SUR,South America,15.1,11.4,10.4,10.4,13068.2060546875,16635.740234375,20020.314453125,15864.55078125,Moderate,-4.7,-31.12582781,-0.2238095238,-3.7,-1.0,0.0,2020.0,15864.55078,612989,4.200427779,yes,8.72034634,1.67965366,Close to GDP-based expectation,78,77.0,45,78.0,gdp_scatter_ghi_2021_vs_gdp
Syria,SYR,Asia,,,,42.5,,,,,Alarming,,,,,,,,,21324366,,no,,,No GDP comparison available,4,,,,top_20_highest_ghi_2021
Tajikistan,TJK,Asia,,,,15.0,1324.909912109375,2019.1695556640625,2637.654296875,3657.573486328125,Moderate,,,,,,,2020.0,3657.573486,9750078,3.563193061,yes,22.9385821,-7.938582101,Lower hunger than GDP alone predicts,63,,118,5.0,gdp_scatter_ghi_2021_vs_gdp;lower_hunger_than_expected_given_gdp
Tanzania,TZA,Africa,40.6,33.6,29.1,24.7,1409.4539794921875,1781.277587890625,2128.52880859375,2635.356689453125,Serious,-15.9,-39.16256158,-0.7571428571,-7.0,-4.5,-4.4,2020.0,2635.356689,63588332,3.420839404,yes,26.11483378,-1.414833781,Close to GDP-based expectation,33,20.0,68,55.0,gdp_scatter_ghi_2021_vs_gdp
Thailand,THA,Asia,18.5,12.3,12.4,11.7,9809.6220703125,12837.8779296875,15424.5439453125,17284.701171875,Moderate,-6.8,-36.75675676,-0.3238095238,-6.2,0.1,-0.7,2020.0,17284.70117,71601104,4.237661876,yes,7.889564297,3.810435703,Close to GDP-based expectation,75,57.0,32,91.0,gdp_scatter_ghi_2021_vs_gdp
Timor,TLS,Asia,,46.1,36.2,32.4,2328.064208984375,2132.307861328125,3143.27783203125,3925.9482421875,Serious,,,,,-9.9,-3.8,2020.0,3925.948242,1320944,3.59394457,yes,22.25244213,10.14755787,Higher hunger than GDP alone predicts,13,,4,119.0,top_20_highest_ghi_2021;gdp_scatter_ghi_2021_vs_gdp;higher_hunger_than_expected_given_gdp
Togo,TGO,Africa,39.1,36.5,25.3,23.7,1700.44140625,1572.9949951171875,1746.9312744140625,2107.877685546875,Serious,-15.4,-39.38618926,-0.7333333333,-2.6,-11.2,-1.6,2020.0,2107.877686,8644829,3.323845406,yes,28.27900263,-4.579002634,Close to GDP-based expectation,38,21.0,96,27.0,gdp_scatter_ghi_2021_vs_gdp
Trinidad and Tobago,TTO,North America,11.0,11.3,10.8,8.9,16939.525390625,27522.37109375,28798.49609375,23722.478515625,Low,-2.1,-19.09090909,-0.1,0.3,-0.5,-1.9,2020.0,23722.47852,1525671,4.375160062,yes,4.821649801,4.078350199,Close to GDP-based expectation,81,94.0,27,96.0,gdp_scatter_ghi_2021_vs_gdp
Tunisia,TUN,Africa,10.3,7.8,7.0,6.0,7819.43017578125,9481.251953125,10810.025390625,10260.0654296875,Low,-4.3,-41.74757282,-0.2047619048,-2.5,-0.8,-1.0,2020.0,10260.06543,12262949,4.01115013,yes,12.9435849,-6.9435849,Lower hunger than GDP alone predicts,106,81.0,111,12.0,gdp_scatter_ghi_2021_vs_gdp;lower_hunger_than_expected_given_gdp
Turkey,TUR,Asia,10.2,6.5,5.0,2.5,15433.5869140625,19277.53125,22610.68359375,28393.466796875,Low,-7.7,-75.49019608,-0.3666666667,-3.7,-1.5,-2.5,2020.0,28393.4668,84775408,4.453218422,yes,3.079980462,-0.5799804615,Close to GDP-based expectation,111,52.0,62,61.0,gdp_scatter_ghi_2021_vs_gdp
Turkmenistan,TKM,Asia,20.1,14.8,11.9,9.7,4622.07861328125,6174.73779296875,10604.0,,Low,-10.4,-51.74129353,-0.4952380952,-5.3,-2.9,-2.2,2019.0,15538.41992,6341850,4.191406854,yes,8.921624829,0.7783751707,Close to GDP-based expectation,79,41.0,53,70.0,gdp_scatter_ghi_2021_vs_gdp
Uganda,UGA,Africa,,,,27.5,1260.9844970703125,1599.215576171875,1996.9173583984375,2175.031005859375,Serious,,,,,,,2020.0,2175.031006,45853780,3.337465452,yes,27.97510672,-0.4751067231,Close to GDP-based expectation,20,,61,62.0,top_20_highest_ghi_2021;gdp_scatter_ghi_2021_vs_gdp
Ukraine,UKR,Europe,13.0,7.1,6.9,6.8,7496.81298828125,12259.158203125,12985.0869140625,12375.921875,Low,-6.2,-47.69230769,-0.2952380952,-5.9,-0.2,-0.1,2020.0,12375.92188,43531424,4.092577559,yes,11.12674356,-4.32674356,Close to GDP-based expectation,98,62.0,94,29.0,gdp_scatter_ghi_2021_vs_gdp
Uruguay,URY,South America,7.4,6.7,5.0,2.5,14482.7548828125,15188.64453125,20885.10546875,21608.4296875,Low,-4.9,-66.21621622,-0.2333333333,-0.7,-1.7,-2.5,2020.0,21608.42969,3426265,4.334623207,yes,5.726124307,-3.226124307,Close to GDP-based expectation,111,75.0,82,41.0,gdp_scatter_ghi_2021_vs_gdp
Uzbekistan,UZB,Asia,24.3,16.6,9.5,5.9,2967.601806640625,3849.594482421875,5472.83349609375,7331.85986328125,Low,-18.4,-75.72016461,-0.8761904762,-7.7,-7.1,-3.6,2020.0,7331.859863,34081452,3.865214156,yes,16.1997667,-10.2997667,Lower hunger than GDP alone predicts,107,12.0,120,3.0,top_15_largest_improvement_2000_2021;gdp_scatter_ghi_2021_vs_gdp;lower_hunger_than_expected_given_gdp
Venezuela,VEN,South America,14.6,11.2,7.4,22.2,,,,,Serious,7.6,52.05479452,0.3619047619,-3.4,-3.8,14.8,,,28199862,,no,,,No GDP comparison available,44,112.0,,,
Vietnam,VNM,Asia,26.3,21.8,16.0,13.6,2954.98291015625,4167.107421875,5574.49365234375,8200.33203125,Moderate,-12.7,-48.28897338,-0.6047619048,-4.5,-5.8,-2.4,2020.0,8200.332031,97468024,3.913831437,yes,15.11499848,-1.514998479,Close to GDP-based expectation,67,29.0,70,53.0,gdp_scatter_ghi_2021_vs_gdp
Yemen,YEM,Asia,41.0,38.8,38.4,45.1,,,,,Alarming,4.1,10.0,0.1952380952,-2.2,-0.4,6.7,,,32981644,,no,,,No GDP comparison available,2,111.0,,,top_20_highest_ghi_2021
Zambia,ZMB,Africa,,,,27.5,1990.8590087890625,2483.2080078125,3339.27001953125,3277.81640625,Serious,,,,,,,2020.0,3277.816406,19473132,3.515584625,yes,24.00084055,3.499159448,Close to GDP-based expectation,20,,35,88.0,top_20_highest_ghi_2021;gdp_scatter_ghi_2021_vs_gdp
Zimbabwe,ZWE,Africa,,,,27.5,4353.3681640625,2798.71728515625,3674.874267578125,3353.411376953125,Serious,,,,,,,2020.0,3353.411377,15993525,3.525486833,yes,23.77989851,3.720101488,Close to GDP-based expectation,20,,33,90.0,top_20_highest_ghi_2021;gdp_scatter_ghi_2021_vs_gdp
